Kategorie;Hook-Text (Für Video-Text & Sprache);Visuelle Idee (Erste 3 Sekunden);Psychologischer Trigger
Wärmepumpen & Heizen;Die größte Wärmepumpen-Lüge, die dir dein Nachbar (oder das Internet) erzählt!;"Creator schüttelt den Kopf vor einer modernen Außeneinheit; Text ploppt groß auf.";Neugier & Mythos-Busting
Wärmepumpen & Heizen;Deine Gasheizung ist ein finanzielles Grab – warum sich der Umstieg genau JETZT lohnt.;Einblendung einer alten, klappernden Gastherme, gefolgt von einer stylischen Wärmepumpe.;Verlustangst & Finanzieller Schmerz
Wärmepumpen & Heizen;Wärmepumpen funktionieren im Altbau nicht? Warum dieser Mythos dich Tausende Euro kostet.;Zeige ein Thermometer in einem ungedämmten Altbau, das konstant 22 Grad anzeigt.;Einwandbehandlung
PV & Eigenstrom;Warum schenkst du dem Energiekonzern dein Geld? So nutzt du 100% deines Stroms selbst!;Der Creator zeigt mit dem Daumen aufs Dach (PV) und grinst in die Kamera.;Rebellion gegen Konzerne / Stolz
PV & Eigenstrom;Das passiert, wenn du deine PV-Anlage NICHT mit deiner Wärmepumpe koppelst.;Animation oder App-Screenshot, wie Strom vom Dach direkt in die Heizung fließt.;Fehlervermeidung & Logik
PV & Eigenstrom;Strompreise steigen? Uns egal! Wie wir dieses Haus komplett unabhängig gemacht haben.;Einblendung einer Stromrechnung, die händisch zerknüllt oder digital weggewischt wird.;Freiheit & Unabhängigkeit
Kühlen & Klimaanlagen;Klimaanlagen im Winter? Warum du damit aktuell günstiger heizt als mit Gas!;Creator zeigt auf eine smarte Wand-Klimaanlage, während draußen Schnee liegt.;Überraschung / Spar-Effekt
Kühlen & Klimaanlagen;Es wird wieder 35 Grad: Warum du JETZT an die Klimaanlage denken musst und nicht erst im Sommer.;Schweißperlen auf der Stirn / hektisches Fächeln mit Papier, dann harter Schnitt zu kühler Raumluft.;Dringlichkeit & Antizipation
Intelligente Steuerung & Automation;Dieses kleine Gerät steuert dein ganzes Haus und spart dir klammheimlich 30% Energiekosten.;Nahaufnahme von einem Smartphone, das per Fingertipp das gesamte Energiemanagement regelt.;Faszination & Bequemlichkeit
Intelligente Steuerung & Automation;Die intelligenteste Heizung der Welt: Sie weiß schon vor dir, wann die Sonne scheint!;Zeige ein smartes Thermostat oder die Steuerungseinheit im Heizungskeller.;Technologie-Begeisterung (Smarte Zukunft)
Energiewende & Sparen (Allgemein);Wie du den Staat deine neue Heizung und PV-Anlage bezahlen lässt (Förder-Update 2026).;Creator hält ein Tablet mit dem offiziellen Förderbescheid oder großen Prozentzeichen in die Kamera.;Gier / Geld vom Staat sichern
Energiewende & Sparen (Allgemein);3 simple Dinge im Keller, die sofort deine Strom- und Heizkosten senken.;Kamerafahrt durch den Keller: Creator zeigt auf das Entlüftungsventil, die Rohrdämmung und den Speicher.;Sofortiger Nutzwert / Schnelle Umsetzung
